{
  "_generated": "Generated by SweetTooth, do not edit", 
  "description": "Adds a shortcut to open Power Statistics from the battery indicator. Incredibly useful for laptop users. Now compatible with the system-monitor extension http://tinyurl.com/sysmon Depends on: gnome-power-statistics", 
  "name": "Battery Power Statistics Shortcut", 
  "original-author": "l300lvl", 
  "shell-version": [
    "3.2", 
    "3.2.0", 
    "3.2.1", 
    "3.4",
    "3.5.4", 
    "3.6", 
    "3.8"
  ], 
  "url": "https://github.com/l300lvl/Battery-Power-Statistics-Shortcut-Extension", 
  "uuid": "battery-power-statistics-shortcut@l300lvl.co.nr", 
  "version": 8
}
